,morning_1,morning_2,morning_3,morning_4,morning_5,lunch_1,lunch_2,lunch_3,lunch_4,lunch_5,dinner_1,dinner_2,dinner_3,dinner_4,dinner_5
0,백미밥,배추된장국,오징어볶음,콩나물무침,깍두기,잡곡밥,김가루떡국,돈갈비찜,한식잡채,배추김치,백미밥,바지락살맑은국,코다리양념찜,청경채무침,배추김치
1,백미밥,다시마감자국,돈장조림,애호박나물,배추김치,카레라이스,유부미소국,치킨너겟머스타드소스,꽃맛살샐러드,배추김치,백미밥,부추달걀국,단호박해물찜,새송이버섯볶음,배추김치
2,백미밥,소고기뭇국,참치김치볶음,시래기된장나물,온두부찜,잡곡밥,청국장찌개,돈목살양파볶음,쪽파무생채,배추김치,백미밥,들깨미역국,닭볶음탕,깻잎순나물,배추김치
3,백미밥,버섯들깨국,너비아니구이,새우살청경채볶음,배추김치,잡곡밥,잔치국수,오징어초무침,찐만두초간장,배추김치,백미밥,근대된장국,가자미양념찜,마늘종베이컨볶음,배추김치
4,백미밥,아욱된장국,닭살채소무침,가지볶음,배추김치,잡곡밥,순두부찌개,채소달걀말이,연근조림,배추김치,백미밥,모듬어묵국,돈맥적구이,숙주나물,배추김치
5,백미밥,홍합살미역국,섭산적,청경채나물,배추김치,잡곡밥,순살감자탕,삼치구이,궁채들깨볶음,배추김치,백미밥,우렁된장찌개,훈제오리구이머스터드소스,배추김치,비트무초절임
6,백미밥,북엇국,차돌박이숙주볶음,시금치나물,배추김치,잡곡밥,호박된장찌개,고추장제육불고기,애느타리피망볶음,깍두기,백미밥,콩나물국,주꾸미볶음,배추김치,브로콜리컬리플라워숙회
7,백미밥,감자양파국,가자미양념찜,애호박새우젓볶음,배추김치,짜장밥,해물짬뽕국,과일탕수육,짜사이채무침,배추김치,백미밥,사골우거지국,돈육고추잡채꽃빵,쑥갓나물,배추김치
8,백미밥,바지락살맑은국,스크램블에그,깻잎순나물,배추김치,잡곡밥,근대된장국,제육김치볶음,양배추찜쌈장,깍두기,백미밥,들기름미역국,마파두부,취나물무침,배추김치
9,백미밥,달걀파국,돈장조림,브로콜리파프리카볶음,배추김치,잡곡밥,시금치된장국,닭갈비,쪽파무생채,배추김치,백미밥,가쓰오유부국,삼치엿장조림,단호박범벅,배추김치
10,백미밥,버섯들깨국,떡갈비구이,맛살마늘종볶음,배추김치,잡곡밥,콩비지찌개,임연수구이,부추양파무침,깍두기,백미밥,아욱된장국,오리훈제채소무침,어향가지볶음,배추김치
11,백미밥,쇠고기미역국,조기양념찜,미역줄기볶음,배추김치,잡곡밥,호박고추장찌개,돈삼겹수육,모듬쌈쌈장,배추김치,백미밥,맑은콩나물국,오징어볶음,얼갈이겉절이,깍두기
12,백미밥,시래기된장국,두부양념조림,치커리양파무침,배추김치,잡곡밥,참치김치찌개,채소달걀찜,브로콜리맛살볶음,깍두기,백미밥,닭곰탕,고갈비구이,천사채샐러드,깍두기
13,백미밥,순두부백탕,사김포달걀꽈리고추조림,파래무무침,배추김치,곤드레나물밥양념장,미소장국,해물완자전,궁중떡볶이,배추김치,백미밥,북엇국,돈육폭찹,미니새송이버섯볶음,배추김치
14,백미밥,홍합살맑은국,쇠고기당면볶음,취나물무침,배추김치,잡곡밥,달걀실파국,마파두부,오이나물,배추김치,백미밥,우렁된장찌개,코다리무조림,세발나물무침,배추김치
15,백미밥,김치콩나물국,떡갈비구이,브로콜리무침,깍두기,잡곡밥,시금치된장국,오리주물럭볶음,쑥갓나물,배추김치,백미밥,순두부찌개,돈사태찜,청경채나물,배추김치
16,백미밥,황태채뭇국,쇠고기장조림,감자채피망볶음,배추김치,잡곡밥,삼색수제비,돈맥적구이,숙주겨자무침,깍두기,백미밥,근대된장국,적어구이,연근아몬드조림,배추김치
17,백미밥,들기름미역국,닭살채소무침,느타리버섯볶음,배추김치,쇠고기콩나물밥양념장,배추된장국,가자미카레구이,부추양파무침,깍두기,백미밥,육개장,채소달걀찜,맛살피망볶음,배추김치
18,백미밥,콩비지백탕,비엔나케찹조림,애호박나물,배추김치,잡곡밥,버섯전골,고등어구이,새우살브로콜리볶음,배추김치,백미밥,얼갈이된장국,제육김치볶음,온두부찜,고사리나물
19,백미밥,모듬어묵국,오징어간장조림,콩나물무침,배추김치,잡곡밥,청국장찌개,닭갈비,도토리묵무침,깍두기,백미밥,들깨무채국,동태양념찜,어향가지볶음,배추김치
20,백미밥,애호박새우젓국,참치채소볶음,두부쑥갓무침,배추김치,잡곡밥,유부미소국,돈까스소스,마카로니콘샐러드,배추김치,백미밥,부대찌개,맛살팽이버섯전,파래무무침,배추김치
21,백미밥,콩나물국,채소달걀찜,건새우꽈리고추볶음,깍두기,잡곡밥,육개장,삼치데리야끼구이,아삭이고추된장무침,배추김치,백미밥,근대된장국,돈갈비찜,탕평채,배추김치
22,백미밥,달걀파국,쇠고기숙주볶음,배추된장나물,깍두기,잡곡밥,미역된장국,닭볶음탕,표고버섯볶음,배추김치,백미밥,청국장찌개,코다리양념찜,애호박나물,배추김치
23,백미밥,버섯들깨국,새우살파프리카볶음,양념깻잎지,배추김치,잡곡밥,시래기된장국,제육볶음,양배추찜쌈장,배추김치,백미밥,감자양파국,닭살굴소스볶음,가지나물,배추김치
24,백미밥,아욱된장국,돈장조림,애느타리버섯볶음,배추김치,잡곡밥,떡갈비구이,쪽파무생채,배추김치,들깨칼국수,백미밥,동태매운탕,치즈달걀말이,브로콜리무침,깍두기
25,백미밥,순두부백탕,가자미무조림,진미도라지생채,배추김치,카레라이스,가쓰오부시장국,새우까스타르타르소스,깍두기,과일샐러드,백미밥,아욱된장국,오향장육,부추양파무침,배추김치
26,백미밥,소고기뭇국,닭살채소무침,숙주나물,배추김치,잡곡밥,버섯된장찌개,단호박해물찜,얼갈이나물,깍두기,백미밥,달걀실파국,마파두부,오이맛살냉채,배추김치
27,백미밥,근대된장국,임연수구이,브로콜리피망볶음,배추김치,잡곡밥,돈육김치찌개,채소달걀찜,건파래자반,깍두기,백미밥,호박새우젓국,낙지볶음,콩나물무침,배추김치
28,백미밥,두부김칫국,섭산적,미니새송이버섯볶음,깍두기,잡곡밥,사골우거지국,삼치데리야끼구이,궁채들깨볶음,배추김치,백미밥,시금치된장국,소고기버섯볶음,애호박나물,배추김치
29,백미밥,콩가루배춧국,가자미양념찜,건새우마늘종볶음,깍두기,잡곡밥,쇠고기미역국,닭살두반장볶음,쑥갓두부무침,배추김치,백미밥,청국장찌개,돈육강정,부추양파무침,깍두기
30,백미밥,오징어뭇국,비엔나피망볶음,파래무무침,배추김치,잡곡밥,팽이버섯장국,돈맥적구이,도토리묵무침,배추김치,백미밥,설렁탕,동태전양념장,어향가지볶음,깍두기
31,백미밥,달걀실파국,너비아니구이,청경채나물,배추김치,잡곡밥,바지락칼국수,양배추콘샐러드,깍두기,참치김치전,백미밥,근대된장국,가자미양념찜,톳두부무침,배추김치
32,백미밥,북엇국,돈육꽈리고추조림,쑥갓나물,배추김치,잡곡밥,청국장찌개,닭갈비,콩나물무침,깍두기,백미밥,육개장,치즈달걀말이,가지볶음,배추김치
33,백미밥,소고기뭇국,마파두부,양념깻잎지,배추김치,잡곡밥,시래기된장국,제육버섯볶음,상추겉절이,배추김치,백미밥,들기름미역국,닭살굴소스조림,올방개묵무침,배추김치
34,백미밥,버섯들깨국,오징어볶음,파래무무침,배추김치,봄나물비빔밥,유부장국,해물완자전,단호박샐러드,배추김치,백미밥,어묵쑥갓국,오리주물럭,숙주나물,깍두기
35,백미밥,아욱된장국,채소달걀찜,고사리나물,배추김치,잡곡밥,부대찌개,고등어구이,궁채들깨볶음,배추김치,백미밥,홍합살맑은국,돈육짜장볶음,콩나물삼색채,깍두기
36,백미밥,감자양파국,섭산적구이,새우살애호박볶음,배추김치,잡곡밥,시래기된장국,돈목살양파볶음,양배추찜쌈장,배추김치,백미밥,사골곰탕,코다리엿장조림,팽이버섯파프리카볶음,배추김치
37,백미밥,콩나물국,두부달걀부침,브로콜리맛살볶음,깍두기,잡곡밥,유채된장국,가자미카레구이,양송이들깨볶음,깍두기,백미밥,북어미역국,닭볶음탕,도토리묵무침,배추김치
38,백미밥,소고기뭇국,조기양념찜,건새우마늘종볶음,배추김치,잡곡밥,참치김치찌개,채소달걀말이,깻잎순나물,깍두기,백미밥,봄동된장국,훈제오리구이,애느타리피망볶음,배추김치
39,백미밥,오징어뭇국,미트볼케찹조림,쑥갓두부무침,배추김치,잡곡밥,건새우미역국,춘천닭갈비,실곤약채소무침,배추김치,백미밥,모듬어묵국,돈육폭찹,얼갈이나물,깍두기
40,백미밥,달걀팟국,쇠고기장조림,애호박새우젓볶음,배추김치,잡곡밥,크림스프,돈까스소스,토마토양상추샐러드발사믹드레싱,깍두기,백미밥,아욱된장국,순살아귀찜,청포묵김가루무침,배추김치
41,백미밥,들깨무채국,두부양념조림,오복지무침,배추김치,잡곡밥,감자다시마국,제육김치볶음,상추겉절이,깍두기,백미밥,청국장찌개,너비아니구이,파채무침,연근아몬드조림
42,백미밥,황태해장국,닭살굴소스조림,취나물무침,배추김치,잡곡밥,얼갈이된장국,돈갈비찜,양념깻잎지,깍두기,백미밥,호박새우젓국,낙지볶음,감자조림,배추김치
43,백미밥,들기름미역국,스크램블에그,봄동겉절이,깍두기,잡곡밥,부대찌개,삼치구이,애호박볶음,깍두기,백미밥,시금치된장국,돈육바베큐소스볶음,도라지오이무침,배추김치
44,백미밥,감자양파국,새우살청경채볶음,파래무무침,배추김치,잡곡밥,우거지된장국,삼겹살두루치기,부추양파무침,배추김치,백미밥,육개장,동태전양념장,어향가지볶음,배추김치
45,백미밥,홍합살맑은국,참치채소볶음,애호박나물,배추김치,잡곡밥,닭곰탕,돈육꽈리고추조림,시금치나물,깍두기,백미밥,콩비지찌개,채소달걀말이,얼갈이나물,깍두기
46,백미밥,호박새우젓국,떡갈비구이,쑥갓두부무침,배추김치,짜장밥,해물짬뽕국,후르츠탕수육,양상추샐러드오리엔탈드레싱,배추김치,백미밥,시래기된장국,코다리무조림,세발나물무침,배추김치
47,백미밥,다시마채뭇국,닭살고구마조림,도라지오이무침,배추김치,잡곡밥,소고기떡국,해물완자전,한식잡채,배추김치,백미밥,버섯된장국,오리불고기,양배추찜쌈장,배추김치
48,백미밥,콩나물김칫국,돈장조림,취나물무침,깍두기,잡곡밥,얼갈이된장국,닭갈비,청경채나물,배추김치,백미밥,달걀실파국,적어구이,브로콜리깨소스무침,배추김치
49,백미밥,아욱된장국,쇠고기당면볶음,미니새송이버섯조림,배추김치,오곡밥,순두부찌개,오향장육,유채나물,깍두기,백미밥,감자양파국,오징어볶음,도토리묵무침,배추김치
50,백미밥,조갯살맑은국,미트볼조림,세발나물무침,배추김치,잡곡밥,사골우거지국,삼치데리야끼구이,연근아몬드조림,배추김치,백미밥,호박된장찌개,제육불고기,봄동겉절이,깍두기
51,백미밥,소고기뭇국,가자미양념찜,오이무침,배추김치,잡곡밥,들깨수제비국,돈채피망볶음,애호박전,깍두기,백미밥,근대된장국,안동찜닭,건새우마늘종볶음,배추김치
52,백미밥,어묵쑥갓국,섭산적,미역줄기볶음,배추김치,잡곡밥,참치김치찌개,채소달걀말이,브로콜리피망볶음,깍두기,백미밥,아욱된장국,돈육폭찹,애느타리버섯볶음,배추김치
53,백미밥,오징어뭇국,마파두부,건파래자반,배추김치,잡곡밥,호박된장찌개,콩나물돈불고기,상추겉절이,배추김치,백미밥,달걀파국,적어조림,어향가지볶음,배추김치
54,백미밥,콩나물국,비엔나케찹조림,새송이피망볶음,배추김치,잡곡밥,우거지된장국,고갈비구이,궁채들깨볶음,깍두기,백미밥,홍합살뭇국,훈제오리냉채,청포묵무침,깍두기
55,백미밥,호박새우젓국,차돌박이숙주볶음,시금치나물,배추김치,잡곡밥,미소장국,치킨가스소스,꽃맛살샐러드,깍두기,백미밥,순두부찌개,임연수구이,표고버섯조림,배추김치
56,백미밥,얼갈이된장국,날치알달걀찜,잔멸치꽈리고추볶음,깍두기,잡곡밥,들깨미역국,삼겹살굴소스볶음,치커리상추무침,배추김치,백미밥,동태쑥갓국,닭가슴살피망볶음,도라지오이무침,배추김치
57,백미밥,감자맑은국,두부양념조림,베이컨브로콜리볶음,배추김치,잡곡밥,근대된장국,단호박해물찜,도토리묵무침,배추김치,백미밥,육개장,돈육고추잡채꽃빵,파래무무침,배추김치
58,백미밥,북엇국,쇠고기메추리알장조림,감자채피망볶음,배추김치,잡곡밥,왕새우튀김초간장,과일샐러드,배추김치,어묵우동,백미밥,닭곰탕,코다리양념찜,세발나물무침,깍두기
59,백미밥,바지락맑은국,돈장조림,근대나물,배추김치,잡곡밥,가쓰오우동,너비아니구이,느타리피망볶음,깍두기,백미밥,봄동된장국,찜닭,청포묵김가루무침,깍두기
60,백미밥,감자양파국,가자미레몬구이,브로콜리파프리카볶음,배추김치,잡곡밥,청국장찌개,오리불고기,부추양파무침,배추김치,백미밥,달걀파국,마파두부,세발나물무침,배추김치
61,백미밥,시금치된장국,스크램블에그케첩,잔멸치호두볶음,배추김치,잡곡밥,들깨미역국,돈삼겹수육,모듬쌈쌈장,배추김치,백미밥,육개장,고등어데리야끼구이,달래오이무침,배추김치
62,백미밥,순두부백탕,돈채파프리카볶음,연근깨소스무침,배추김치,카레라이스,가쓰오장국,치킨가스,양배추콘샐러드,깍두기,백미밥,소고기뭇국,오징어볶음,표고달걀찜,배추김치
63,백미밥,버섯들깨국,쇠고기메추리알조림,애호박새우젓볶음,배추김치,잡곡밥,맑은콩나물국,닭갈비,깻잎순나물,배추김치,백미밥,냉이된장국,순대채소볶음,쑥갓두부무침,깍두기
64,백미밥,북어채뭇국,비엔나채소볶음,두부양념조림,배추김치,잡곡밥,근대된장국,돈육양파볶음,얼갈이겉절이,깍두기,백미밥,달걀파국,코다리양념찜,건새우마늘종볶음,배추김치
65,백미밥,시래기된장국,떡갈비조림,비름나물,배추김치,잡곡밥,콩가루배춧국,단호박해물찜,치커리유자무침,깍두기,백미밥,홍합살미역국,돈맥적구이,애느타리피망볶음,깍두기
66,백미밥,순두부백탕,참치채소볶음,알감자조림,배추김치,잡곡밥,얼갈이된장국,돈육가지볶음,탕평채,깍두기,백미밥,쑥갓어묵국,함박스테이크소스,브로콜리들깨볶음,깍두기
67,백미밥,북엇국,미트볼조림,새우살애호박볶음,배추김치,잡곡밥,달걀파국,닭살고구마조림,비름나물,배추김치,백미밥,청국장찌개,연근조림,주꾸미볶음,배추김치
68,백미밥,소고기배춧국,두부달걀구이,새송이피망볶음,깍두기,잡곡밥,유부맑은국,생선가스타르타르소스,토마토양상추샐러드발사믹샐러드,배추김치,백미밥,시래기된장국,제육고추장불고기,콩나물무침,배추김치
69,백미밥,애호박새우젓국,돈장조림,잔멸치꽈리고추볶음,배추김치,잡곡밥,닭곰탕,해물파전달래장,깻잎순나물,깍두기,백미밥,아욱된장국,훈제오리채소무침,감자채피망볶음,배추김치
70,백미밥,쑥된장국,쇠고기당면볶음,깻잎순나물,배추김치,햄김치볶음밥,들깨미역국,떡갈비조림,얼갈이겉절이,깍두기,백미밥,맑은콩나물국,코다리양념찜,맛살곤약조림,배추김치
71,백미밥,감자맑은국,닭살굴소스볶음,가지나물,배추김치,잡곡밥,냉이된장국,제육팽이버섯볶음,청경채겉절이,배추김치,백미밥,육개장,채소달걀찜,쑥갓나물,배추김치
72,백미밥,물만둣국,임연수카레구이,건새우마늘종볶음,배추김치,잡곡밥,우사골파국,오징어볶음,도토리묵무침,깍두기,백미밥,버섯들깨국,돈갈비찜,브로콜리무침,배추김치
73,백미밥,소고기뭇국,참치김치볶음,온두부찜,시금치나물,잡곡밥,호박된장국,닭볶음탕,미니새송이버섯볶음,배추김치,하이라이스,달걀파국,비엔나파프리카볶음,도라지오이무침,배추김치
74,백미밥,콩비지백탕,돈육메추리알장조림,멸치호두볶음,배추김치,잡곡밥,근대된장국,오리주물럭,양배추찜쌈장,배추김치,백미밥,동태매운탕,동그랑땡전,어향가지볶음,배추김치
75,백미밥,유채된장국,마파두부,볼어묵조림,배추김치,잡곡밥,짬뽕국,동파육,천사채샐러드,깍두기,백미밥,사골우거지국,삼치무조림,애호박볶음,배추김치
76,백미밥,소고기미역국,새우살굴소스볶음,감자표고조림,배추김치,잡곡밥,청국장찌개,코다리강정,실곤약채소무침,배추김치,백미밥,시래기된장국,돈육김치찜,우엉채아몬드조림,배추김치
77,백미밥,두부새우젓국,조기양념찜,김가루쪽파무침,배추김치,잡곡밥,아욱된장국,차돌박이숙주볶음,애느타리피망볶음,깍두기,백미밥,부대찌개,치즈달걀말이,브로콜리맛살볶음,깍두기
78,백미밥,맑은콩나물국,채소달걀찜,건새우마늘종볶음,배추김치,새싹비빔밥,달래된장국,치킨너겟머스타드소스,단호박샐러드,깍두기,백미밥,버섯들깨국,돈채피망볶음,쑥갓두부무침,배추김치
79,백미밥,봄동된장국,섭산적,유채나물무침,깍두기,잡곡밥,순두부찌개,고등어구이,죽순채파프리카볶음,배추김치,백미밥,북어미역국,주꾸미볶음,연근조림,배추김치
80,백미밥,소고기뭇국,미트볼조림,애호박나물,배추김치,잡곡밥,유부된장국,훈제오리구이,미역줄기볶음,배추김치,백미밥,콩비지찌개,가자미구이,올방개묵무침,깍두기
81,백미밥,무채된장국,오징어굴소스볶음,알감자조림,배추김치,잡곡밥,맑은콩나물국,돈갈비찜,느타리버섯볶음,깍두기,백미밥,닭곰탕,동태전양념장,실곤약채소무침,깍두기
82,백미밥,북엇국,노인,도라지오이무침,배추김치,잡곡밥,시금치된장국,차돌박이숙주볶음,사각어묵피망볶음,배추김치,백미밥,감자양파국,떡갈비조림,어향가지볶음,배추김치
83,백미밥,순두부백탕,임연수무조림,브로콜리피망볶음,배추김치,잡곡밥,들기름미역국,로제찜닭,과일샐러드,배추김치,백미밥,돈등뼈감자탕,채소달걀말이,연근조림,깍두기
84,백미밥,바지락살맑은국,닭살파프리카조림,토란대들깨나물,배추김치,잡곡밥,근대된장국,오삼불고기,양배추쌈쌈장,배추김치,백미밥,설렁탕,너비아니구이,잔멸치꽈리고추볶음,깍두기
85,백미밥,두부새우젓국,토마토달걀볶음,청경채나물,배추김치,잡곡밥,청국장찌개,코다리양념찜,가지볶음,깍두기,백미밥,들깨수제비국,훈제오리두루치기,숙주나물무침,배추김치
86,백미밥,어묵쑥갓국,소고기장조림,건새우마늘종볶음,배추김치,돈육짜장밥,달걀실파국,탕수육,꽃맛살샐러드,깍두기,백미밥,호박된장찌개,동태무조림,애느타리버섯볶음,배추김치
87,백미밥,다시마감자국,닭살굴소스볶음,애호박새우젓볶음,배추김치,잡곡밥,근대된장국,제육볶음,고사리나물,깍두기,백미밥,콩비지찌개,채소달걀찜,취나물무침,배추김치
88,백미밥,홍합살맑은국,두부양념조림,브로콜리햄볶음,배추김치,잡곡밥,돈육김치찌개,고등어구이,맛살팽이버섯전,깍두기,백미밥,떡만둣국,해물콩나물찜,연근조림,깍두기
89,백미밥,건새우미역국,너비아니구이,시금치나물,배추김치,잡곡밥,버섯순두부찌개,가자미양념찜,우엉들깨무침,배추김치,백미밥,냉이된장국,닭살카레볶음,가지나물,배추김치
90,백미밥,감자양파국,돈육메알장조림,참나물무침,배추김치,잡곡밥,맑은콩나물국,낙지볶음,청포묵무침,배추김치,백미밥,닭곰탕,삼치무조림,비름나물무침,깍두기
91,백미밥,황태채뭇국,쇠고기숙주볶음,쑥갓두부무침,배추김치,잡곡밥,유부장국,생선까스타르타르소스,양상추샐러드,깍두기,백미밥,쇠고기미역국,훈제오리채소무침,미나리무생채,배추김치
92,백미밥,달걀파국,단호박해물찜,느타리버섯볶음,배추김치,잡곡밥,참치김치찌개,닭살굴소스볶음,연근조림,깍두기,백미밥,근대된장국,돈육짜장볶음,실곤약채소무침,배추김치
93,백미밥,바지락살맑은국,비엔나소시지볶음,방풍나물무침,배추김치,잡곡밥,우거지된장국,돈육버섯볶음,상추겉절이,배추김치,백미밥,콩비지찌개,가자미카레구이,숙주나물,깍두기
94,백미밥,어묵쑥갓국,채소달걀찜,도라지오이무침,배추김치,잡곡밥,다시마무채국,안동찜닭,마카로니콘샐러드,배추김치,백미밥,달래된장찌개,오징어볶음,콩나물무침,배추김치
95,백미밥,두부새우젓국,돈사태찜,참나물무침,배추김치,잡곡밥,아욱된장국,코다리양념찜,세발나물무침,배추김치,하이라이스,달걀파국,떡갈비조림,브로콜리볶음,배추김치
96,백미밥,건새우미역국,미트볼토마토소스조림,가지볶음,배추김치,잡곡밥,시래기된장국,제육볶음,양배추찜쌈장,깍두기,백미밥,육개장,임연수카레구이,새송이버섯볶음,깍두기
97,백미밥,순두부백탕,소고기장조림,감자채피망볶음,배추김치,잡곡밥,순살감자탕,채소달걀말이,잔멸치호두볶음,깍두기,백미밥,맑은콩나물국,닭살고구마조림,청경채겉절이,배추김치
98,백미밥,애호박맑은국,동태무조림,건새우마늘종볶음,배추김치,잡곡밥,아욱된장국,돈육폭찹,얼갈이겉절이,깍두기,백미밥,버섯들깨탕,훈제오리구이,고사리나물,배추김치
99,백미밥,소고기뭇국,참치김치볶음,온두부찜,오이나물,잡곡밥,닭개장,삼치유자청조림,가지볶음,깍두기,백미밥,청국장찌개,돈사태찜,취나물무침,배추김치
100,백미밥,감자양파국,닭살채소무침,새송이버섯볶음,배추김치,잡곡밥,냉이된장국,주꾸미볶음,깻잎순나물,배추김치,백미밥,홍합살맑은국,마파두부,베이컨브로콜리볶음,배추김치
101,백미밥,매생이떡국,둥근호박조림,섭산적,배추김치,잡곡밥,사골우거지국,고등어양념구이,맛살팽이버섯볶음,깍두기,백미밥,시래기된장국,닭볶음탕,탕평채,배추김치
102,백미밥,콩나물김칫국,두부데리야끼조림,쑥갓나물,깍두기,잡곡밥,호박된장찌개,오삼불고기,상추쌈쌈장,배추김치,백미밥,온도토리묵국,순대채소볶음,연근튀김양념장,배추김치
103,백미밥,달래된장국,가자미양념찜,도라지무침,배추김치,잡곡밥,유부어묵우동,찐만두양념장,참나물겉절이,깍두기,백미밥,콩비지찌개,떡갈비구이,느타리버섯볶음,깍두기
104,백미밥,북엇국,맛살달걀찜,가지볶음,배추김치,잡곡밥,들깨미역국,제육김치볶음,애호박나물,깍두기,백미밥,근대된장국,고추잡채꽃빵,볼어묵조림,깍두기
105,백미밥,시금치된장국,닭살감자조림,미니새송이버섯볶음,배추김치,잡곡밥,크림스프,등심돈까스소스,양상추토마토샐러드발사믹드레싱,배추김치,백미밥,청국장찌개,임연수구이,연근조림,배추김치
106,백미밥,달걀파국,돈사태찜,잔멸치꽈리고추볶음,깍두기,잡곡밥,우렁강된장찌개,코다리양념찜,숙주나물,배추김치,백미밥,홍합살미역국,닭강정,감자채카레볶음,배추김치
107,백미밥,애호박맑은국,새우살채소볶음,부들어묵조림,배추김치,잡곡밥,육개장,채소달걀말이,팽이버섯피망볶음,배추김치,백미밥,시래기된장국,돈삼겹수육,알배기배추쌈쌈장,배추김치
108,백미밥,다시마감자국,소고기우엉볶음,배추김치,연두부새싹채소샐러드,사복,닭칼국수,해물부추전,오이양파무침,깍두기,백미밥,맑은콩나물국,주꾸미볶음,애호박나물,배추김치
109,백미밥,버섯들깨탕,닭살굴소스볶음,건파래자반,배추김치,잡곡밥,순두부찌개,삼치구이,열무된장나물,배추김치,백미밥,바지락맑은국,오리주물럭,청포묵무침,배추김치
110,백미밥,소고기뭇국,임연수무조림,시금치두부무침,배추김치,김치볶음밥,유부장국,치킨너겟머스타드소스,꽃맛살샐러드,깍두기,백미밥,배추된장국,돈육단호박찜,가지나물,깍두기
111,백미밥,모듬어묵국,소고기메추리알조림,새송이버섯볶음,배추김치,잡곡밥,쑥된장국,안동찜닭,양념깻잎지,배추김치,백미밥,설렁탕,고갈비구이,감자조림,깍두기
112,백미밥,들깨미역국,돈맥적구이,머위대나물,배추김치,잡곡밥,참치김치찌개,채소달걀찜,사각어묵볶음,깍두기,백미밥,시금치된장국,오징어볶음,콩나물삼색채,배추김치
113,백미밥,동태쑥갓국,두부양념조림,고사리들깨찜,배추김치,잡곡밥,청국장찌개,돈육버섯불고기,양배추찜쌈장,배추김치,백미밥,애호박새우젓국,옥수수김치전,훈제오리부추무침,깍두기
114,백미밥,바지락살맑은국,시금치달걀볶음,진미채무침,배추김치,잡곡밥,감자옹심이국,삼치데리야끼구이,세발나물무침,배추김치,백미밥,우렁된장찌개,쇠고기숙주볶음,느타리버섯무침,배추김치
115,백미밥,토란국,닭살장조림,참나물무침,배추김치,잡곡밥,북어미역국,오향장육,꽈리고추멸치볶음,청경채무침,백미밥,콩비지찌개,치즈달걀말이,맛살곤약조림,배추김치
116,백미밥,근대된장국,참치채소볶음,볼어묵조림,배추김치,짜장밥,짬뽕국,후르츠탕수육,양배추콘샐러드,배추김치,백미밥,들깨미역국,주꾸미볶음,콩나물무침,깍두기
117,백미밥,두부새우젓국,쇠고기당면볶음,깻잎순나물,배추김치,잡곡밥,부대찌개,동태엿장조림,오이무침,깍두기,백미밥,아욱된장국,닭볶음탕,돌나물무침,배추김치
118,백미밥,쇠고기미역국,가자미양념찜,건새우마늘종볶음,배추김치,잡곡밥,유채된장국,돈육파채불고기,애호박나물,배추김치,백미밥,꽃게탕,비엔나케찹조림,브로콜리파프리카볶음,깍두기
119,백미밥,콩나물김칫국,닭살버섯볶음,두부쑥갓무침,깍두기,산채비빔밥,팽이장국,떡갈비조림,배추김치,달걀후라이,백미밥,감자양파국,코다리강정,가지나물,배추김치
120,백미밥,쑥갓어묵국,쇠고기장조림,양념깻잎지무침,배추김치,잡곡밥,우거지된장국,오리주물럭,애느타리피망볶음,배추김치,백미밥,닭곰탕,삼치무조림,미역줄기볶음,배추김치
121,백미밥,북엇국,오징어볶음,건파래자반,배추김치,카레라이스,가쓰오부시장국,깍두기,치킨가라아게,양배추콘샐러드,백미밥,돈육김치찌개,날치알달걀찜,취나물무침,깍두기
122,백미밥,들깨미역국,가자미구이,맛살파프리카볶음,배추김치,잡곡밥,아욱된장국,제육볶음,상추쌈쌈장,배추김치,백미밥,홍합살맑은국,찜닭,쑥갓나물,배추김치
123,백미밥,소고기뭇국,미트볼조림,밥새우볶음,배추김치,잡곡밥,달걀실파국,낙지볶음,가지나물,배추김치,백미밥,떡만둣국,고등어데리야끼구이,브로콜리피망볶음,깍두기
124,백미밥,얼갈이된장국,참치김치볶음,참나물무침,온두부찜,잡곡밥,버섯들깨국,돈육강정,단호박샐러드,배추김치,백미밥,육개장,채소달걀말이,마늘종건새우볶음,깍두기
125,백미밥,감자양팟국,비엔나케찹조림,비름나물된장무침,배추김치,잡곡밥,들기름미역국,쇠고기팽이버섯볶음,부추양파무침,배추김치,백미밥,유부장국,생선까스타르타르소스,치커리유자청무침,깍두기
126,백미밥,시금치된장국,새우살청경채볶음,스크램블에그,배추김치,잡곡밥,설렁탕,해물콩나물찜,새송이버섯볶음,깍두기,백미밥,호박고추장찌개,닭갈비,고춧잎나물,배추김치
127,백미밥,소고기뭇국,가자미양념찜,비름나물,깍두기,곤드레나물밥양념장,북엇국,떡갈비구이,한식잡채,배추김치,백미밥,꽃게탕,훈제오리채소무침,감자채피망볶음,배추김치
128,백미밥,콩가루배춧국,두부달걀구이,부들어묵굴소스조림,깍두기,잡곡밥,시래기된장국,돈육통마늘볶음,미나리무생채,배추김치,백미밥,사골우거지국,적어구이,느타리버섯볶음,깍두기
129,백미밥,달걀팟국,돈맥적구이,도라지오이무침,배추김치,잡곡밥,찐만두초간장,청경채무침,깍두기,바지락칼국수,백미밥,맑은콩나물국,주꾸미볶음,청포묵김가루무침,배추김치
130,백미밥,얼갈이된장국,소고기양배추볶음,브로콜리두부무침,깍두기,잡곡밥,건새우미역국,닭볶음탕,배추김치,마카로니콘샐러드,백미밥,어묵곤약국,오향장육,부추사과무침,배추김치
131,백미밥,콩비지백탕,참치채소무침,알감자조림,배추김치,잡곡밥,크림스프,돈가스소스,토마토양상추샐러드오리엔탈드레싱,깍두기,백미밥,애호박된장국,채소달걀말이,숙주맛살무침,배추김치
132,백미밥,감자양파국,돈육메알조림,건새우마늘종볶음,배추김치,잡곡밥,시래기된장국,단호박해물찜,어향가지볶음,배추김치,백미밥,소고기뭇국,마파두부,시금치달걀볶음,배추김치
133,백미밥,홍합살미역국,닭가슴살피망조림,쥐어채볶음,배추김치,잡곡밥,달걀파국,제육파채불고기,치커리양파무침,배추김치,백미밥,청국장찌개,고등어무조림,도토리묵무침,배추김치
134,백미밥,바지락살맑은국,섭산적,느타리버섯볶음,배추김치,잡곡밥,닭개장,채소달걀말이,배추된장나물,깍두기,백미밥,아욱된장국,돈육김치찜,감자채볶음,깍두기
135,백미밥,쇠고기뭇국,조기양념찜,도라지무침,배추김치,잡곡밥,맑은콩나물국,주꾸미볶음,고춧잎나물,배추김치,백미밥,순살감자탕,해물완자전,고사리나물,배추김치
136,백미밥,북엇국,닭살굴소스볶음,죽순채피망볶음,배추김치,잡곡밥,순두부찌개,돈목살양파볶음,새송이버섯볶음,깍두기,백미밥,열무된장국,삼치카레구이,연근아몬드조림,배추김치
137,백미밥,애호박맑은국,메추리알표고조림,잔멸치건포도볶음,배추김치,잡곡밥,시래기된장국,아귀찜,방풍나물무침,배추김치,백미밥,모듬어묵탕,돈채피망볶음,과일요거트샐러드,배추김치
138,백미밥,달걀팟국,미트볼조림,새우살청경채볶음,배추김치,잡곡밥,오징어뭇국,마파두부,맛살팽이전,배추김치,백미밥,근대된장국,돈불고기,콩나물무침,배추김치
139,백미밥,시래기된장국,쇠고기당면볶음,양념깻잎지,배추김치,짜장밥,가쓰오부시장국,탕수육소스,양상추샐러드,깍두기,백미밥,참치김치찌개,채소달걀찜,건새우마늘종볶음,깍두기
140,백미밥,쇠고기미역국,부들어묵볶음,청경채나물,배추김치,잡곡밥,청국장찌개,코다리양념찜,올방개묵무침,배추김치,백미밥,버섯들깨국,닭갈비,브로콜리피망볶음,배추김치
141,백미밥,쑥된장국,비엔나소시지볶음,건새우무조림,배추김치,잡곡밥,북엇국,돈갈비찜,도라지오이무침,배추김치,백미밥,두부새우젓국,삼치엿장조림,방풍나물무침,배추김치
142,백미밥,홍합살맑은국,차돌박이숙주볶음,건파래자반,배추김치,잡곡밥,아욱된장국,닭볶음탕,깻잎순나물,배추김치,백미밥,부대찌개,임연수구이,애호박볶음,깍두기
143,백미밥,들깨미역국,돈맥적구이,시금치나물,배추김치,잡곡밥,사골곰탕,동태무조림,감자채볶음,깍두기,백미밥,시래기된장국,팽이버섯파프리카볶음,훈제오리구이,배추김치
144,백미밥,맑은콩나물국,가자미양념찜,미니새송이버섯볶음,배추김치,삼색나물비빔밥양념장,유부맑은국,육원전,배추김치,달걀후라이,백미밥,청국장찌개,돈삼겹수육,알배추쌈쌈장,깍두기
145,백미밥,콩비지백탕,너비아니구이,잔멸치꽈리고추볶음,깍두기,잡곡밥,달걀팟국,오삼불고기,고사리나물,배추김치,백미밥,근대된장국,닭살굴소스볶음,브로콜리숙회초고추장,배추김치
146,백미밥,어묵쑥갓국,소고기장조림,궁채들깨볶음,배추김치,잡곡밥,시금치된장국,안동찜닭,마카로니콘샐러드,배추김치,백미밥,육개장,고등어양념구이,어향가지볶음,배추김치
147,백미밥,매생이떡국,새우살피망조림,마늘종햄볶음,배추김치,잡곡밥,버섯된장국,돈육짜장볶음,단배추나물,깍두기,백미밥,감자양파국,주꾸미볶음,청포묵무침,깍두기
148,백미밥,우거지된장국,임연수양념찜,맛살오이무침,배추김치,잡곡밥,잔치국수,물파래새우전,브로콜리토마토무침,배추김치,백미밥,순두부찌개,채소달걀말이,시금치나물,배추김치
149,백미밥,황태채뭇국,마파두부,취나물무침,배추김치,잡곡밥,오징어뭇국,돈육폭찹,연근흑임자소스무침,배추김치,백미밥,버섯들깨탕,오리주물럭,상추겉절이,배추김치
150,백미밥,쇠고기미역국,닭살고구마조림,표고버섯굴소스볶음,배추김치,잡곡밥,청국장찌개,적어구이,콩나물무침,깍두기,백미밥,사골우거지국,떡갈비구이,궁채들깨볶음,배추김치
151,백미밥,근대된장국,비엔나케찹볶음,오복지들기름무침,배추김치,잡곡밥,순살감자탕,채소달걀말이,솎음열무나물,깍두기,백미밥,홍합살맑은국,돈갈비찜,애호박전,배추김치
152,백미밥,북어달걀국,새우살브로콜리볶음,숙주나물,배추김치,잡곡밥,근대된장국,닭볶음탕,도토리묵무침,배추김치,백미밥,사골곰탕,적어구이,고구마순나물,깍두기
153,백미밥,감자양파국,돈육메알장조림,오이나물,배추김치,잡곡밥,가쓰오부시장국,함박스테이크소스,마카로니콘샐러드,깍두기,백미밥,순두부찌개,훈제오리채소무침,새송이버섯볶음,배추김치
154,백미밥,물만둣국,참치채소볶음,도라지무침,배추김치,잡곡밥,시금치된장국,돈삼겹수육,상추쌈쌈장,배추김치,백미밥,버섯전골,가자미양념찜,애호박나물,배추김치
155,백미밥,맑은콩나물국,소고기버섯볶음,감자조림,배추김치,열무보리비빔밥,우렁된장찌개,부들어묵채소볶음,배추김치,달걀후라이,백미밥,들깨미역국,닭갈비,올방개묵무침,깍두기
156,백미밥,북엇국,채소달걀찜,마늘종건새우볶음,배추김치,잡곡밥,근대된장국,맛살팽이버섯전,오징어볶음,배추김치,백미밥,소고기우거지국,삼치무조림,어향가지볶음,배추김치
157,백미밥,애호박맑은국,마파두부,연근아몬드조림,배추김치,잡곡밥,삼색수제비국,오리주물럭볶음,고비나물,깍두기,백미밥,유부미소국,멘치까스양파크림소스,단호박샐러드,배추김치
158,백미밥,조갯살맑은국,연두부찜양념장,미트볼조림,얼갈이나물,잡곡밥,콩나물김칫국,돈육고추잡채꽃빵,고등어구이,깍두기,백미밥,호박된장찌개,닭살카레볶음,미니새송이버섯조림,배추김치
159,백미밥,소고기뭇국,열무된장나물,토마토달걀볶음성인,배추김치,잡곡밥,시금치된장국,제육고추장불고기,양배추찜쌈장,배추김치,백미밥,황태미역국,마파두부,우엉채볶음,배추김치
160,백미밥,호박잎된장국,가자미양념찜,고비나물,배추김치,잡곡밥,짬뽕국,탕수육소스,짜사이무침,배추김치,백미밥,유부맑은국,닭살굴소스볶음,쑥갓나물,배추김치
161,백미밥,두부새우젓국,돈장조림,도시락김,배추김치,잡곡밥,청국장찌개,주꾸미볶음,상추겉절이,배추김치,백미밥,부대찌개,코다리강정,표고버섯볶음,깍두기
162,백미밥,들기름미역국,닭살피망볶음,애호박나물,배추김치,잡곡밥,순두부찌개,생선까스타르타르소스,양배추콘샐러드,깍두기,백미밥,얼갈이된장국,채소달걀말이,브로콜리숙회초고추장,배추김치
163,백미밥,버섯맑은국,너비아니구이,쑥갓두부무침,배추김치,잡곡밥,맑은콩나물국,닭갈비,궁채들깨볶음,배추김치,백미밥,청국장찌개,제육김치볶음,깻잎순나물,깍두기
164,잡곡밥,근대된장국,참치파프리카볶음,시금치나물,배추김치,잡곡밥,잔치국수,찐만두양념장,과일샐러드,깍두기,백미밥,콩비지찌개,훈제오리구이,감자고추장조림,깍두기
165,백미밥,홍합살맑은국,섭산적,건파래볶음,도라지무침,잡곡밥,무채된장국,돈목살양파볶음,상추쌈쌈장,배추김치,백미밥,순살감자탕,삼치구이,참나물겉절이,깍두기
166,백미밥,쇠고기무국,오징어굴소스조림,애느타리피망볶음,배추김치,카레라이스,유부미소국,치킨너겟머스타드소스,양배추콘샐러드,깍두기,백미밥,오이냉국,주꾸미볶음,도토리묵무침,배추김치
167,백미밥,시래기된장국,채소달걀찜,건새우마늘종볶음,배추김치,잡곡밥,모듬어묵탕,돈갈비찜,애호박볶음,깍두기,백미밥,감자양파국,닭볶음탕,가지볶음,배추김치
168,백미밥,달걀팟국,가자미양념찜,브로콜리깨소스볶음,배추김치,잡곡밥,시금치된장국,소고기양배추볶음,새송이버섯볶음,배추김치,백미밥,사골우거지국,사각어묵볶음,해해물김치전,깍두기
169,백미밥,북엇국,소고기장조림,맛살팽이버섯볶음,깍두기,잡곡밥,아욱된장국,돈육폭찹,탕평채,배추김치,백미밥,들깨미역국,마파두부,비름나물,배추김치
170,백미밥,콩나물김칫국,비엔나케찹조림,쑥갓나물,열무김치,잡곡밥,청국장찌개,오리주물럭,부추양파무침,배추김치,백미밥,떡만둣국,오향장육,우엉채볶음,배추김치
171,백미밥,동태쑥갓국,두부달걀구이,오이무침,배추김치,잡곡밥,버섯된장국,제육볶음,양배추찜쌈장,배추김치,백미밥,콩비지찌개,미트볼조림,감자채피망볶음,깍두기
172,백미밥,호박된장국,닭살고구마조림,열무고추장나물,배추김치,잡곡밥,소고기뭇국,코다리양념찜,고구마순나물,배추김치,백미밥,들깨수제비국,오징어볶음,무생채,배추김치
173,백미밥,바지락살맑은국,동그랑땡전,시금치나물,배추김치,잡곡밥,시래기된장국,소고기당면볶음,미나리초무침,배추김치,백미밥,맑은콩나물국,참치김치볶음,온두부찜,미니새송이조림
174,백미밥,황태채뭇국,스크램블에그,꽈리고추양념찜,배추김치,잡곡밥,순두부찌개,안동찜닭,고비나물,깍두기,백미밥,무채들깨국,돈육폭찹,근대된장나물,배추김치
175,백미밥,건새우미역국,비엔나브로콜리볶음,느타리버섯볶음,배추김치,잡곡밥,호박고추장찌개,돈사태무조림,곤드레나물,배추김치,백미밥,근대된장국,차돌박이숙주볶음,얼갈이나물,깍두기
176,백미밥,어묵쑥갓국,돈육메알조림,오이나물,배추김치,잡곡밥,크림스프,돈까스소스,양배추샐러드,깍두기,백미밥,설렁탕,삼치무조림,가지나물,배추김치
177,백미밥,열무된장국,두부양념조림,애호박나물,배추김치,잡곡밥,참치김치찌개,채소달걀말이,건새우마늘종볶음,깍두기,백미밥,홍합살맑은국,오향장육,들깨무나물,배추김치
178,백미밥,호박새우젓국,닭살굴소스조림,청경채무침,배추김치,잡곡밥,오이미역냉국,돈맥적구이,표고버섯볶음,열무김치,백미밥,곰취된장국,고갈비구이,감자조림,배추김치
179,백미밥,아욱된장국,부들어묵볶음,브로콜리두부무침,배추김치,잡곡밥,청국장찌개,오삼불고기,노각무침,배추김치,백미밥,두부탕국,닭볶음탕,느타리버섯볶음,배추김치
180,백미밥,맑은콩나물국,가자미카레구이,청포묵김무침,배추김치,잡곡밥,닭칼국수,단호박샐러드,깍두기,해물파전,백미밥,얼갈이된장국,채소달걀말이성인,잔멸치꽈리고추볶음,열무김치
181,백미밥,조갯살맑은국,동그랑땡전,감자채볶음,배추김치,잡곡밥,애호박된장찌개,삼치구이,숙주맛살냉채,배추김치,백미밥,부추달걀국,돈육폭찹,마늘종건새우볶음,배추김치
182,백미밥,감자양파국,두부구이,참치김치볶음,건파래자반,잡곡밥,오이냉국,닭갈비,깻잎순나물,배추김치,백미밥,시금치된장국,가자미양념찜,어향가지볶음,배추김치
183,백미밥,소고기미역국,채소달걀찜,노인,배추김치,잡곡밥,오징어뭇국,마파두부,호박잎나물,배추김치,백미밥,아욱된장국,돈사태찜,들깨무나물,배추김치
184,백미밥,북엇국,소고기꽈리고추조림,청경채나물,깍두기,잡곡밥,순두부찌개,생선까스타르타르소스,배추김치,토마토양상추샐러드참깨드레싱,백미밥,우거지된장국,제육불고기,양배추찜쌈장,배추김치
185,백미밥,달걀팟국,비엔나소시지볶음,연근아몬드조림,배추김치,잡곡밥,열무된장국,단호박해물찜,두부쑥갓무침,배추김치,백미밥,청국장찌개,고갈비,참나물무침,배추김치
186,백미밥,맑은콩나물국,돈채파프리카볶음,도시락김,배추김치,잡곡밥,물만둣국,임연수카레구이,양송이버섯볶음,깍두기,백미밥,육개장,훈제오리구이,치커리겉절이,배추김치
187,백미밥,근대된장국,닭살고구마조림,양념깻잎지,배추김치,잡곡밥,잔치국수,낙지채소볶음,숙주나물,깍두기,백미밥,들기름미역국,수육보쌈새우젓,알배기쌈쌈장,열무김치
188,백미밥,유부맑은국,동태무조림,느타리버섯볶음,배추김치,잡곡밥,크림스프,돈까스소스,양배추샐러드,깍두기,백미밥,들깨무챗국,소고기당면볶음,옥수수채소전,배추김치
189,백미밥,근대된장국,오징어볶음,브로콜리깨소스무침,배추김치,잡곡밥,소고기미역국,새우살청경채볶음,쑥갓나물,배추김치,백미밥,맑은콩나물국,닭볶음탕,호박잎나물,깍두기
190,백미밥,감자양파국,쇠고기장조림,애호박볶음,배추김치,잡곡밥,배추된장국,코다리무조림,마늘종햄볶음,깍두기,백미밥,홍합살뭇국,돈채피망볶음,오이생채,배추김치
191,백미밥,황태채뭇국,닭살굴소스볶음,비름나물,배추김치,잡곡밥,우렁된장찌개,제육김치볶음,온두부찜,곤드레나물,백미밥,사골우거지국,가자미양념찜,도라지무침,깍두기
192,백미밥,순두부백탕,돈육바베큐소스조림,양념깻잎지무침,배추김치,잡곡밥,오이냉국,주꾸미볶음,상추양파무침,깍두기,백미밥,애호박새우젓국,고등어시래기조림,연근흑임자소스무침,열무김치
193,백미밥,아욱된장국,참치채소볶음,브로콜리두부무침,배추김치,돈육짜장밥,달걀실파국,만두탕수육,과일샐러드,배추김치,백미밥,부대찌개,동태전양념장,미니새송이버섯조림,깍두기
194,백미밥,북엇국,떡갈비구이,열무나물,배추김치,잡곡밥,우거지된장국,제육불고기,상추겉절이,배추김치,백미밥,콩비지찌개,순대볶음,숙주맛살무침,깍두기
195,백미밥,두부된장국,임연수구이,건새우마늘종볶음,배추김치,잡곡밥,들기름미역국,돈갈비찜,청포묵무침,배추김치,백미밥,콩나물국,주꾸미볶음,근대된장나물,배추김치
196,백미밥,소고기뭇국,스크램블에그,비름나물,배추김치,잡곡밥,닭칼국수,해물부추전,양념깻잎지,깍두기,백미밥,근대된장국,한식잡채,도라지무침,배추김치
197,백미밥,오징어뭇국,섭산적,호박잎나물,열무김치,잡곡밥,육개장,삼치데리야끼구이,주키니호박볶음,깍두기,백미밥,어묵쑥갓국,닭갈비,노각생채,배추김치
198,백미밥,달걀팟국,해물완자전,고춧잎나물,배추김치,카레라이스,유부장국,치킨가라아게,양상추샐러드,깍두기,백미밥,맑은콩나물국,코다리양념찜,감자채볶음,배추김치
199,백미밥,북엇국,마파두부,스모크햄마늘종볶음,배추김치,잡곡밥,설렁탕,고등어무조림,브로콜리두부무침,깍두기,백미밥,아욱된장국,제육볶음,상추겉절이,열무김치
200,백미밥,애호박맑은국,달걀장조림,오복지들기름무침,배추김치,잡곡밥,오이미역냉국,닭볶음탕,콩나물삼색채,깍두기,백미밥,들깨수제비국,떡갈비구이,새우살파프리카볶음,배추김치
201,백미밥,우거지된장국,소고기양배추볶음,도시락김,열무김치,잡곡밥,순두부찌개,돈맥적구이,느타리버섯볶음,배추김치,백미밥,소고기뭇국,코다리강정,열무된장나물,배추김치
202,백미밥,콩나물김칫국,닭살굴소스조림,비름나물,깍두기,잡곡밥,순두부찌개,치즈달걀말이,고사리나물,열무김치,백미밥,오이냉국,적어구이,마카로니콘샐러드,배추김치
203,백미밥,들기름미역국,비엔나케찹조림,꽈리고추멸치볶음,배추김치,잡곡밥,가쓰오부시장국,함박스테이크,치커리겉절이,깍두기,백미밥,감자옹심이국,찜닭,깻잎순나물,배추김치
204,백미밥,동태맑은국,두부달걀구이,건새우마늘종볶음,배추김치,잡곡밥,양송이들깨탕,오리주물럭,부추양파생채,깍두기,백미밥,아욱된장국,단호박해물찜,브로콜리피망볶음,배추김치
205,백미밥,유부맑은국,가자미양념찜,참나물무침,배추김치,잡곡밥,닭곰탕,너비아니구이,도토리묵무침,깍두기,백미밥,콩비지찌개,돈육고추잡채꽃빵,시금치나물,배추김치
206,백미밥,열무된장국,미트볼토마토소스조림,쑥갓두부무침,배추김치,잡곡밥,청국장찌개,돈삼겹수육새우젓,상추겉절이,배추김치,백미밥,홍합살미역국,고등어구이,숙주나물,배추김치
207,백미밥,두부새우젓국,모듬장조림,도라지오이무침,배추김치,잡곡밥,근대된장국,닭볶음탕,맛살콩나물무침,배추김치,백미밥,달걀실파국,훈제오리채소무침,비트쌈무,배추김치
208,백미밥,버섯들깨국,오징어볶음,노인시래기된장지짐,배추김치,삼색나물비빔밥,북엇국,떡갈비구이,달걀후라이,열무김치,백미밥,호박잎된장국,돈불고기,양배추쌈쌈장,배추김치
209,백미밥,순두부백탕,닭살피망조림,배추김치,브로콜리숙회초고추장,잡곡밥,육개장,채소달걀말이,연근아몬드조림,깍두기,백미밥,아욱된장국,주꾸미볶음,가지나물,배추김치
210,백미밥,물만둣국,임연수무조림,미니새송이버섯볶음,배추김치,잡곡밥,장각삼계탕,사김포돈맥적구이,탕평채,깍두기,백미밥,맑은콩나물국,제육고추장불고기,상추쌈쌈장,배추김치
211,백미밥,소고기뭇국,채소달걀찜,시금치나물,배추김치,잡곡밥,시래기된장국,코다리양념찜,고사리들깨나물,배추김치,백미밥,건새우미역국,차돌박이숙주볶음,도토리묵무침,배추김치
212,백미밥,근대된장국,비엔나케찹조림,배추김치,건새우마늘종볶음,잡곡밥,설렁탕,삼치엿장조림,부추사과무침,배추김치,백미밥,감자양파국,돈육폭찹,애호박나물,깍두기
213,백미밥,황태채뭇국,두부양념조림,맛살피망볶음,배추김치,잡곡밥,콩나물냉국,안동찜닭,청경채나물,깍두기,백미밥,청국장찌개,소고기양배추볶음,노각무침,배추김치
214,백미밥,콩가루배춧국,떡갈비조림,고구마순나물,깍두기,잡곡밥,육개장,임연수구이,우엉조림,배추김치,백미밥,실파달걀국,돈육짜장볶음,비름나물,열무김치
215,백미밥,소고기미역국,채소달걀찜,브로콜리초무침,배추김치,잡곡밥,시래기된장국,오리불고기,감자채볶음,배추김치,백미밥,순살감자탕,동태전양념장,취나물무침,깍두기
216,백미밥,호박잎된장국,미트볼토마토소스조림,숙주나물,열무김치,잡곡밥,닭곰탕,코다리양념찜,고사리들깨볶음,깍두기,백미밥,북엇국,마파두부,춘권튀김초간장,배추김치
217,백미밥,김치콩나물국,소고기메추리알조림,근대나물,깍두기,곤드레나물밥양념장,무채된장국,해물파전,과일샐러드,배추김치,백미밥,어묵쑥갓국,돈목살양파볶음,양배추찜쌈장,배추김치
218,백미밥,순두부백탕,동그랑땡전,참나물무침,배추김치,잡곡밥,배추된장국,고등어구이,느타리버섯무침,깍두기,백미밥,들깨미역국,낙지볶음,둥근호박조림,배추김치
219,백미밥,시금치된장국,치즈달걀말이,우엉조림,배추김치,잡곡밥,버섯들깨국,제육불고기,상추쌈쌈장,배추김치,백미밥,감자양파국,임연수무조림,도토리묵무침,열무김치
220,백미밥,모듬어묵국,돈육바베큐소스조림,쑥갓나물,배추김치,잡곡밥,닭다리백숙,옥수수김치전,부추양파무침,깍두기,백미밥,소고기뭇국,단호박해물찜,어향가지볶음,배추김치
221,백미밥,근대된장국,닭살고구마조림,고사리나물,배추김치,잡곡밥,동태쑥갓국,사김포돈맥적구이,파프리카팽이버섯볶음,배추김치,백미밥,사골우거지국,오징어볶음,참나물무침,깍두기
222,백미밥,홍합살미역국,시금치달걀볶음,떡갈비구이,배추김치,잡곡밥,오이냉국,닭볶음탕,새송이버섯볶음,배추김치,백미밥,사김포강된장찌개,삼치구이,청포묵김무침,배추김치
223,백미밥,맑은콩나물국,가자미양념찜,비름나물,열무김치,잡곡밥,시래기된장국,오리훈제채소무침,노각무침,배추김치,백미밥,소고기뭇국,달걀장조림,건파래자반,배추김치
224,백미밥,애호박새우젓국,마파두부,브로콜리맛살볶음,배추김치,카레라이스,팽이버섯장국,치킨가라아게,깍두기,양상추샐러드,백미밥,콩비지찌개,차돌박이숙주볶음,열무나물,배추김치
225,백미밥,북어채뭇국,스크램블에그,청경채무침,배추김치,잡곡밥,부대찌개,너비아니구이,쑥갓두부무침,깍두기,백미밥,물만둣국,적어조림,감자채볶음,배추김치
226,백미밥,달걀파국,참치김치볶음,온두부찜,참나물무침,잡곡밥,육개장,동태전양념장,고춧잎나물,배추김치,백미밥,버섯들깨탕,안동찜닭,물미역초무침,배추김치
227,백미밥,김가루떡국,돈장조림,치커리양파무침,배추김치,잡곡밥,참치김치찌개,채소달걀말이,느타리버섯볶음,깍두기,백미밥,호박잎된장국,가자미양념찜,가지볶음,배추김치
228,백미밥,소고기미역국,해물완자조림,시금치나물,깍두기,잡곡밥,근대된장국,돈삼겹수육,양배추찜,배추김치,백미밥,감자양파국,고등어구이,꽃맛살샐러드,배추김치
229,백미밥,두부김칫국,섭산적구이,노각무침,깍두기,잡곡밥,오이미역냉국,오징어볶음,도토리묵무침,배추김치,백미밥,팽이된장국,닭갈비,숙주나물,배추김치
230,백미밥,유부맑은국,임연수구이,브로콜리햄볶음,배추김치,잡곡밥,시래기된장국,콩나물불고기,상추겉절이,배추김치,백미밥,북엇국,두부달걀구이,열무나물,배추김치
231,백미밥,소고기뭇국,닭살굴소스볶음,미니새송이버섯조림,배추김치,후리가케밥,새우튀김,깍두기,냉모밀국수,과일샐러드,백미밥,아욱된장국,돈채파프리카볶음,연근조림,열무김치
232,백미밥,콩나물국,날치알달걀찜,가지나물,배추김치,잡곡밥,두부된장국,돈갈비찜,호박채전,배추김치,백미밥,사골곰탕,주꾸미볶음,깻잎순나물,깍두기
233,백미밥,소고기미역국,가자미구이,숙주맛살무침,깍두기,잡곡밥,삼색수제비,훈제오리구이,팽이버섯파프리카볶음,배추김치,백미밥,시래기된장국,소고기당면볶음,상추쌈쌈장,배추김치
234,백미밥,감자양파국,두부양념조림,고구마순나물,배추김치,잡곡밥,추어탕,채소달걀찜,참나물무침,배추김치,백미밥,물만둣국,삼치카레구이,마늘종햄볶음,배추김치
235,백미밥,달걀팟국,떡갈비구이,느타리버섯볶음,배추김치,잡곡밥,소고기뭇국,해물완자전,연근아몬드조림,배추김치,백미밥,청국장찌개,돈육파인애플볶음,열무나물,배추김치
236,백미밥,다시마무채국,동태양념찜,브로콜리피망볶음,배추김치,잡곡밥,애호박맑은국,영양찜닭,오이무침,배추김치,백미밥,유부된장국,주꾸미볶음,청포묵무침,깍두기
237,백미밥,들깨버섯국,김달걀말이,시금치나물,배추김치,잡곡밥,호박된장찌개,오리주물럭,양배추찜쌈장,배추김치,백미밥,사골우거지국,고등어구이,감자채당근볶음,배추김치
238,백미밥,맑은콩나물국,소고기장조림,청경채나물,배추김치,잡곡밥,크림스프,돈까스소스,양상추샐러드,깍두기,백미밥,배추된장국,닭볶음탕,미니새송이버섯조림,배추김치
239,백미밥,북엇국,마파두부,깻잎순나물,배추김치,잡곡밥,우무냉국,삼치무조림,애호박베이컨볶음,열무김치,백미밥,오징어뭇국,소고기버섯볶음,양배추부추무침,배추김치
240,백미밥,소고기뭇국,닭가슴살피망조림,건새우마늘종볶음,배추김치,짜장밥,달걀파국,탕수육,깍두기,그린샐러드,백미밥,열무된장국,코다리엿장조림,브로콜리깨소스무침,배추김치
241,백미밥,버섯들깨탕,너비아니구이,호박잎나물,배추김치,잡곡밥,돈육김치찌개,김달걀말이,시금치나물,열무김치,백미밥,유부맑은국,오리훈제채소무침,양념깻잎지,배추김치
242,백미밥,건새우뭇국,미트볼조림,쑥갓두부무침,깍두기,잡곡밥,호박잎된장국,오삼불고기,양배추찜쌈장,배추김치,백미밥,콩비지찌개,가자미무조림,청경채맛살볶음,배추김치
243,백미밥,조갯살맑은국,비엔나케찹조림,토란대나물,깍두기,잡곡밥,실파달걀국,단호박해물찜,가지볶음,열무김치,백미밥,아욱된장국,돈육파인애플볶음,오이무침,배추김치
244,백미밥,맑은콩나물국,참치김치볶음,두부구이,부추양파무침,잡곡밥,미소된장국,닭갈비,참나물무침,배추김치,백미밥,소고기뭇국,오징어볶음,호박잎나물,배추김치
245,백미밥,북어미역국,돈육메알장조림,맛살브로콜리볶음,배추김치,잡곡밥,뼈해장국,해물완자전,도토리묵무침,배추김치,백미밥,우렁된장찌개,차돌박이숙주볶음,두부쑥갓무침,배추김치
246,백미밥,토란국,채소달걀찜,우엉조림,배추김치,잡곡밥,황태채뭇국,돈육폭찹,시금치나물,배추김치,백미밥,근대된장국,아귀찜,천사채샐러드,배추김치
247,백미밥,김가루떡국,너비아니구이,열무나물,배추김치,잡곡밥,애호박고추장찌개,고등어구이,탕평채,배추김치,백미밥,감자맑은국,오리불고기,상추겉절이,배추김치
248,백미밥,들깨무채국,가자미양념찜,브로콜리숙회초고추장,배추김치,햄김치볶음밥,팽이된장국,군만두양념장,마카로니콘샐러드,깍두기,백미밥,모듬어묵국,돈사태찜,치커리사과무침,배추김치
249,백미밥,순두부백탕,미트볼조림,숙주나물,배추김치,잡곡밥,육개장,녹두빈대떡,삼치카레구이,배추김치,백미밥,바지락미역국,닭살굴소스조림,느타리버섯볶음,배추김치
250,백미밥,애호박새우젓국,스크램블에그,시금치나물,배추김치,잡곡밥,아욱된장국,마파두부,아삭이고추된장무침,깍두기,백미밥,유부김칫국,코다리엿장조림,으깬고구마범벅,깍두기
251,백미밥,시래기된장국,돈채피망볶음,알감자조림,배추김치,잡곡밥,순두부찌개,생선까스타르타르소스,양배추샐러드,깍두기,백미밥,버섯들깨국,닭갈비,청포묵무침,배추김치
252,백미밥,북엇국,소고기장조림,맛살팽이버섯볶음,배추김치,잡곡밥,호박잎된장국,돈삼겹수육새우젓,상추쌈쌈장,배추김치,백미밥,김치콩나물국,고추잡채꽃빵,적어구이,깍두기
253,백미밥,달걀파국,비엔나소시지볶음,애호박나물,배추김치,잡곡밥,삼색수제비,고등어무조림,어향가지볶음,깍두기,백미밥,청국장찌개,오삼불고기,부추양파무침,배추김치
254,백미밥,소고기뭇국,가자미양념찜,브로콜리무침,배추김치,잡곡밥,토란대된장국,닭볶음탕,과일샐러드,배추김치,백미밥,들깨미역국,돈맥적구이,느타리버섯볶음,깍두기
255,백미밥,감자양파국,마파두부,콩나물무침,배추김치,짜장밥,달걀파국,탕수육,짜사이채무침,배추김치,백미밥,홍합살맑은국,오리훈제채소무침,양념깻잎지,배추김치
256,백미밥,시금치된장국,채소달걀찜,고사리나물,배추김치,잡곡밥,참치김치찌개,돈육숙주볶음,도토리묵무침,깍두기,백미밥,쇠고기미역국,임연수구이,표고버섯볶음,배추김치
257,백미밥,맑은콩나물국,미트볼조림,아욱된장무침,배추김치,잡곡밥,배추된장국,고등어무조림,오이무침,열무김치,백미밥,북엇국,안동찜닭,비름나물,배추김치
258,백미밥,콩비지백탕,양배추나물,새우살피망조림,배추김치,잡곡밥,버섯들깨국,돈갈비찜,옥수수전,배추김치,백미밥,호박고추장찌개,차돌박이숙주볶음,고구마순나물,배추김치
259,백미밥,열무된장국,채소달걀말이,양념깻잎지,배추김치,잡곡밥,부대찌개,너비아니구이,한식잡채,깍두기,백미밥,달걀팟국,삼치카레구이,느타리버섯볶음,배추김치
260,백미밥,다시마무채국,가자미구이,콩나물무침,배추김치,잡곡밥,근대된장국,돈육바베큐소스볶음,상추겉절이,배추김치,백미밥,쇠고기당면국,오징어볶음,쑥갓두부무침,깍두기
261,백미밥,바지락맑은국,돈육메추리알조림,토란대나물,배추김치,잡곡밥,참치김치찌개,채소달걀말이,연근흑임자소스무침,깍두기,백미밥,호박잎된장국,훈제오리구이,부추양파무침,배추김치
262,백미밥,물만둣국,섭산적,브로콜리맛살볶음,열무김치,버섯영양밥양념장,맑은콩나물국,동그랑땡전,참나물무침,배추김치,백미밥,들기름미역국,고등어데리야끼구이,도토리묵무침,배추김치
263,백미밥,모듬어묵국,두부양념조림,애호박나물,배추김치,잡곡밥,육개장,코다리양념찜,궁채들깨볶음,배추김치,백미밥,쑥갓된장국,닭갈비,들기름막국수,깍두기
264,백미밥,쇠고기미역국,돈장조림,숙주나물,배추김치,잡곡밥,우거지된장국,단호박해물찜,꽃맛살샐러드,배추김치,백미밥,모둠버섯전골,가자미양념찜,팽이버섯파프리카볶음,깍두기
265,백미밥,토란국,스모크햄전,시금치나물,배추김치,잡곡밥,순두부찌개,떡갈비구이,새송이버섯볶음,깍두기,백미밥,시래기된장국,닭볶음탕,죽순채들깨볶음,배추김치
266,백미밥,오징어뭇국,동태무조림,비름나물,배추김치,잡곡밥,김가루떡국,안동찜닭,애호박새우젓볶음,배추김치,백미밥,콩비지찌개,해물동그랑땡전,어향가지볶음,배추김치
267,백미밥,아욱된장국,두부양념조림,참치채소볶음,배추김치,잡곡밥,돈등뼈감자탕,옥수수달걀찜,실곤약채소무침,깍두기,백미밥,황태채뭇국,제육볶음,양배추찜쌈장,배추김치
268,백미밥,달걀실파국,너비아니구이,새우살브로콜리볶음,배추김치,잡곡밥,호박잎된장국,오리불고기,무생채,배추김치,백미밥,두부김칫국,동태전양념장,맛살오이냉채,깍두기
269,백미밥,소고기뭇국,임연수무조림,비름나물,배추김치,잡곡밥,양송이스프,돈까스소스,깍두기,양상추샐러드,백미밥,맑은콩나물국,주꾸미볶음,깻순나물,배추김치
270,백미밥,어묵쑥갓국,닭살피망볶음,고구마순나물,배추김치,잡곡밥,열무된장국,소불고기,상추쌈쌈장,배추김치,백미밥,다시마무챗국,코다리강정,느타리버섯볶음,배추김치
271,백미밥,감자양파국,떡갈비구이,콩나물무침,배추김치,잡곡밥,강된장찌개,훈제오리구이,참나물무침,배추김치,백미밥,순두부백탕,돈육양파볶음,치커리유자무침,배추김치
272,백미밥,북어미역국,소고기곤약조림,쑥갓나물,배추김치,잡곡밥,돈육김치찌개,채소달걀찜,가지볶음,깍두기,백미밥,근대된장국,오징어볶음,호박잎나물,배추김치
273,백미밥,물만둣국,새우살채소볶음,표고버섯조림,깍두기,잡곡밥,콩나물국,안동찜닭,도토리묵무침,배추김치,백미밥,소고기버섯전골,동태전양념장,미역줄기볶음,배추김치
274,백미밥,홍합살맑은국,스크램블에그,깻잎순나물볶음,배추김치,잡곡밥,시금치된장국,오삼불고기,모듬쌈쌈장,배추김치,백미밥,감자양팟국,마파두부,오이나물,배추김치
275,백미밥,무채된장국,닭살피망조림,브로콜리두부무침,배추김치,잡곡밥,달걀팟국,돈육폭찹,꽃맛살샐러드,배추김치,백미밥,청국장찌개,코다리양념찜,새송이버섯볶음,배추김치
276,백미밥,호박새우젓국,돈육메알장조림,궁채들깨볶음,배추김치,잡곡밥,콩비지찌개,가자미카레구이,베이컨팽이버섯볶음,배추김치,백미밥,근대된장국,순대채소볶음,죽봉어묵조림,배추김치
277,백미밥,쇠고기미역국,참치김치볶음,두부구이,오복지들기름무침,잡곡밥,아욱된장국,오리훈제채소볶음,늙은호박조림,배추김치,백미밥,육개장,삼치무조림,취나물무침,배추김치
278,백미밥,시래기된장국,채소달걀찜,시금치나물,배추김치,잡곡밥,두부탕국,돈갈비찜,도라지오이무침,배추김치,백미밥,닭곰탕,해물동그랑땡전,감자채볶음,깍두기
279,백미밥,북엇국,너비아니구이,잔멸치꽈리고추볶음,배추김치,짜장밥,짬뽕국,만두탕수소스,단무지채무침,배추김치,백미밥,유부된장국,닭갈비,올방개묵무침,배추김치
280,백미밥,콩나물국,두부양념조림,청경채나물,배추김치,잡곡밥,호박고추장찌개,돈목살양파볶음,양배추찜쌈장,배추김치,백미밥,쇠고기당면국,적어구이,물파래새우전,깍두기
281,백미밥,달걀파국,쇠고기장조림,애호박볶음,배추김치,잡곡밥,버섯들깨국,코다리엿장조림,마카로니콘샐러드,배추김치,백미밥,아욱된장국,닭살데리야끼볶음,토란대나물,배추김치
282,백미밥,다시마무채국,섭산적,가지나물,배추김치,잡곡밥,우거지된장국,낙지볶음,시금치나물,깍두기,백미밥,육개장,고갈비구이,치커리사과무침,배추김치
283,백미밥,토란국,임연수양념찜,연근조림,배추김치,백미밥,유부미소국,돈까스소스,단호박범벅,배추김치,잡곡밥,건새우미역국,닭갈비,도토리묵무침,깍두기
284,백미밥,북어김칫국,소고기버섯볶음,방아잎나물,깍두기,잡곡밥,잔치국수,채소달걀찜,어향가지볶음,배추김치,백미밥,근대된장국,오리불고기,부추양파무침,배추김치
285,백미밥,소고기뭇국,비엔나소시지볶음,고구마순나물,배추김치,잡곡밥,시금치된장국,제육김치볶음,상추겉절이,깍두기,백미밥,들깨수제비국,삼치무조림,쑥갓두부무침,배추김치
286,백미밥,감자맑은국,오징어굴소스볶음,숙주나물,배추김치,카레라이스,팽이버섯장국,생선가스타르타르소스,오이나물,깍두기,백미밥,꽃게탕,떡갈비구이,늙은호박조림,배추김치
287,백미밥,근대된장국,스크램블에그,시금치나물,배추김치,잡곡밥,버섯들깨탕,돈육통마늘볶음,상추쌈쌈장,배추김치,백미밥,콩나물국,코다리강정,새송이버섯볶음,깍두기
288,백미밥,쑥갓어묵국,마파두부,건새우마늘종볶음,배추김치,잡곡밥,오징어뭇국,소고기가지볶음,배추김치,컬리플라워브로콜리숙회,백미밥,사골우거지국,닭볶음탕,청경채나물,깍두기
289,백미밥,감자양파국,비엔나케찹볶음,고구마순나물,배추김치,잡곡밥,아욱된장국,돈사태찜,부추양파무침,깍두기,백미밥,소고기뭇국,가자미카레구이,느타리버섯볶음,배추김치
290,백미밥,시래기된장국,소고기메추리알조림,청포묵김무침,배추김치,잡곡밥,닭칼국수,고등어구이,콩나물무침,깍두기,백미밥,청국장찌개,돈육고추잡채꽃빵,오이나물,배추김치
291,백미밥,들깨무채국,두부양념조림,숙주나물,배추김치,잡곡밥,돈육김치찌개,채소달걀말이,마늘종맛살볶음,깍두기,백미밥,근대된장국,삼치양념찜,마늘종베이컨볶음,배추김치
292,백미밥,달걀파국,참치채소볶음,브로콜리무침,배추김치,잡곡밥,순두부찌개,돈맥적구이,치커리유자무침,배추김치,백미밥,모듬어묵국,훈제오리채소무침,미니새송이버섯조림,배추김치
293,백미밥,맑은콩나물국,닭살고구마조림,깍두기,쑥갓두부무침,잡곡밥,버섯된장국,낙지볶음,상추겉절이,배추김치,백미밥,황태채뭇국,차돌박이숙주볶음,가지나물,배추김치
294,백미밥,쇠고기미역국,달걀장조림,미니새송이버섯볶음,배추김치,잡곡밥,근대된장국,단호박해물찜,양배추나물,깍두기,백미밥,부대찌개,동태전양념장,탕평채,깍두기
295,백미밥,버섯들깨탕,돈채피망볶음,호박잎나물,배추김치,잡곡밥,콩비지찌개,닭살굴소스조림,브로콜리맛살볶음,배추김치,백미밥,시금치된장국,적어구이,쑥갓두부무침,깍두기
296,백미밥,홍합살뭇국,베이컨스크램블에그,청경채나물,배추김치,잡곡밥,크림스프,치킨까스소스,배추김치,양배추콘샐러드,백미밥,호박된장찌개,돈육김치찜,고사리들깨볶음,깍두기
297,백미밥,시래기된장국,임연수구이,토란대나물,배추김치,잡곡밥,들기름미역국,제육고추장불고기,부추양파무침,배추김치,백미밥,순두부찌개,떡갈비구이,아삭이고추된장무침,배추김치
298,백미밥,북엇국,쇠고기장조림,건새우마늘종볶음,배추김치,잡곡밥,가쓰오부시우동,순살아귀찜,도토리묵무침,깍두기,백미밥,우거지된장국,훈제오리구이머스타드,늙은호박조림,배추김치
299,백미밥,달걀파국,가자미양념찜,고춧잎나물,배추김치,잡곡밥,우렁된장국,닭볶음탕,오이무침,배추김치,백미밥,참치김치찌개,궁중떡볶이,해물완자전,깍두기
300,백미밥,두부새우젓국,너비아니구이,도라지무침,배추김치,잡곡밥,육개장,고등어구이,새송이버섯볶음,배추김치,백미밥,아욱된장국,치즈달걀말이,양념깻잎지,배추김치
301,백미밥,소고기떡국,닭살굴소스볶음,건파래자반,배추김치,잡곡밥,근대된장국,돈삼겹수육,상추쌈쌈장,배추김치,백미밥,들깨미역국,코다리양념찜,배추김치,브로콜리숙회초고추장
302,백미밥,감자양파국,마파두부,숙주나물,배추김치,잡곡밥,콩가루배춧국,오징어볶음,도토리묵무침,깍두기,백미밥,청국장찌개,오향장육,가지볶음,배추김치
303,백미밥,황태채뭇국,섭산적구이,연근아몬드조림,배추김치,잡곡밥,유부된장국,오리주물럭,청경채겉절이,배추김치,백미밥,순살감자탕,채소달걀찜,애호박새우젓볶음,깍두기
304,백미밥,애호박새우젓국,참치채소볶음,도시락김,배추김치,잡곡밥,콩비지찌개,오징어볶음,얼갈이나물,깍두기,백미밥,근대된장국,동그랑땡전,쑥갓나물,배추김치
305,백미밥,홍합살맑은국,두부양념조림,시금치나물,배추김치,잡곡밥,우렁된장찌개,삼치무조림,애느타리버섯볶음,배추김치,백미밥,육개장,돈사태찜,가지볶음,배추김치
306,백미밥,북엇국,닭살데리야끼조림,죽순들깨볶음,배추김치,잡곡밥,시금치된장국,돈맥적구이,단호박샐러드,배추김치,백미밥,사골우거지국,채소달걀찜,브로콜리햄볶음,배추김치
307,백미밥,물만둣국,돈육메알장조림,건새우마늘종볶음,깍두기,잡곡밥,소고기뭇국,닭갈비,치커리사과무침,배추김치,백미밥,참치김치찌개,떡갈비구이,양배추콘샐러드,깍두기
308,백미밥,콩나물국,임연수구이,우엉채볶음,배추김치,짜장밥,실파달걀국,탕수육소스,부추무생채,배추김치,백미밥,오징어뭇국,마파두부,맛살팽이버섯전,배추김치
309,백미밥,쇠고기미역국,비엔나소시지볶음,시래기된장나물,배추김치,잡곡밥,청국장찌개,제육김치볶음,양배추찜쌈장,깍두기,백미밥,닭곰탕,고등어구이,애호박나물,깍두기
310,백미밥,아욱된장국,두부달걀구이,취나물무침,배추김치,잡곡밥,다시마무채국,안동찜닭,청포묵무침,배추김치,백미밥,수제비국,오삼불고기,상추겉절이,배추김치
311,백미밥,소고기뭇국,닭살고구마조림,파래무무침,배추김치,잡곡밥,잔치국수,채소달걀말이,가지튀김양념장,배추김치,백미밥,바지락살맑은국,돈육찹스테이크,브로콜리두부무침,배추김치
312,백미밥,김가루떡국,미트볼조림,청경채나물,배추김치,잡곡밥,얼갈이된장국,쇠고기당면볶음,미니새송이버섯조림,깍두기,백미밥,콩나물국,낙지볶음,부추양파무침,배추김치
313,백미밥,무채된장국,소고기장조림,시금치나물,배추김치,잡곡밥,감자양파국,코다리엿장조림,청포묵김가루무침,깍두기,백미밥,버섯들깨국,닭볶음탕,팽이버섯파프리카볶음,배추김치
314,백미밥,콩비지백탕,스크램블에그,오이나물,배추김치,잡곡밥,근대된장국,돈육파채불고기,상추쌈쌈장,배추김치,백미밥,부대찌개,삼치구이,연근조림,깍두기
315,백미밥,들기름미역국,참치김치볶음,두부구이,가지나물,잡곡밥,시래기된장국,닭갈비,고구마순나물,배추김치,백미밥,동태매운탕,돈사태찜,도라지무침,배추김치
316,백미밥,어묵쑥갓국,오징어굴소스볶음,양념깻잎지,배추김치,잡곡밥,순두부찌개,고등어무조림,양송이버섯볶음,배추김치,백미밥,황태채뭇국,돈육고추잡채꽃빵,마늘종지무침,배추김치
317,백미밥,감자맑은국,닭살피망볶음,청경채겉절이,배추김치,잡곡밥,유부장국,돈까스소스,양배추샐러드키위드레싱,깍두기,백미밥,애호박새우젓국,소고기버섯볶음,궁채들깨볶음,배추김치
318,백미밥,홍합살뭇국,돈육꽈리고추조림,쑥갓나물,배추김치,잡곡밥,들깨칼국수,삼치데리야끼구이,콩나물무침,깍두기,백미밥,소고기미역국,두부달걀구이,어향가지볶음,배추김치
319,백미밥,북엇국,섭산적구이,도라지오이무침,배추김치,잡곡밥,호박된장찌개,제육고추장불고기,쪽파무생채,배추김치,백미밥,닭곰탕,동태전양념장,애느타리버섯볶음,깍두기
320,백미밥,모듬어묵국,새우살파프리카볶음,스크램블에그,배추김치,잡곡밥,근대된장국,오향장육,고춧잎나물,배추김치,백미밥,짬뽕국,적어구이,숙주나물,배추김치
321,백미밥,바지락맑은국,미트볼케찹조림,시금치나물,배추김치,잡곡밥,달걀실파국,물파래새우전,코다리양념찜,깍두기,백미밥,감자양파국,돈채피망볶음,청포묵김무침,배추김치
322,백미밥,소고기뭇국,참치채소볶음,아욱된장무침,배추김치,잡곡밥,콩비지찌개,고등어카레구이,브로콜리초무침,배추김치,백미밥,시금치된장국,찜닭,새송이버섯볶음,배추김치
323,백미밥,건새우미역국,떡갈비구이,궁채들깨볶음,배추김치,잡곡밥,사골우거지국,낙지볶음,콩나물삼색채,배추김치,백미밥,청국장찌개,돈육김치찜,감자채볶음,깍두기
324,백미밥,콩나물국,소고기장조림,연근흑임자소스무침,배추김치,잡곡밥,시래기된장국,오리불고기,모듬쌈쌈장,배추김치,백미밥,동태찌개,치즈달걀말이,치커리양파무침,배추김치
325,백미밥,버섯된장국,닭살단호박조림,건파래자반,배추김치,잡곡밥,가쓰오부시우동,임연수무조림,가지볶음,배추김치,백미밥,콩가루배춧국,차돌박이숙주볶음,청경채나물,깍두기
326,백미밥,소고기뭇국,마늘종햄볶음,가자미구이,배추김치,잡곡밥,시금치된장국,돈갈비찜,청포묵무침,깍두기,백미밥,사골곰탕,오징어볶음,콩나물무침,배추김치
327,백미밥,북엇국,채소달걀찜,돈채우엉볶음,배추김치,잡곡밥,부대찌개,해물부추전,삼치엿장조림,배추김치,백미밥,애호박된장국,닭살굴소스볶음,마카로니콘샐러드,배추김치
328,백미밥,순두부백탕,조기양념찜,취나물무침,배추김치,카레라이스,미소장국,치킨너겟머스타드소스,양상추샐러드,깍두기,백미밥,참치김치찌개,채소달걀말이,고춧잎나물,깍두기
329,백미밥,달걀실파국,떡갈비구이,가지나물,배추김치,잡곡밥,수제비국,고등어무조림,숙주겨자냉채,배추김치,백미밥,콩나물국,제육통마늘볶음,상추쌈쌈장,배추김치
330,백미밥,들깨미역국,비엔나소시지볶음,두부쑥갓무침,배추김치,잡곡밥,시래기된장국,닭볶음탕,애호박나물,배추김치,백미밥,두부새우젓국,코다리강정,브로콜리피망볶음,배추김치
331,백미밥,아욱된장국,돈육장조림,죽순채볶음,배추김치,잡곡밥,사골우거지국,가자미양념찜,치커리오이생채,깍두기,백미밥,오징어뭇국,너비아니구이,한식잡채,배추김치
332,백미밥,콩나물김칫국,소고기버섯볶음,토란대나물,깍두기,잡곡밥,호박된장찌개,닭갈비,양배추샐러드,배추김치,백미밥,북어미역국,돈갈비찜,올방개묵무침,배추김치
333,백미밥,시금치된장국,미트볼조림,파래무무침,배추김치,잡곡밥,뼈해장국,가자미구이,새송이버섯볶음,깍두기,백미밥,홍합살뭇국,훈제오리부추무침,가지볶음,배추김치
334,백미밥,매생이굴국,비엔나파프리카볶음,우엉조림,배추김치,잡곡밥,배추된장국,삼치엿장조림,감자채햄볶음,깍두기,백미밥,순두부찌개,해물완자전,고사리나물,배추김치
335,백미밥,오징어뭇국,두부양념조림,취나물무침,배추김치,잡곡밥,달걀팟국,함박스테이크소스,단호박샐러드,배추김치,백미밥,아욱된장국,돈육짜장볶음,미니새송이버섯조림,배추김치
336,백미밥,소고기미역국,채소달걀찜,숙주나물,배추김치,잡곡밥,근대된장국,제육버섯볶음,얼갈이겉절이,깍두기,백미밥,닭곰탕,동태콩나물찜,도토리묵무침,깍두기
337,백미밥,버섯들깨국,돈육장조림,도라지오이무침,배추김치,잡곡밥,청국장찌개,닭볶음탕,마카로니샐러드,배추김치,백미밥,달걀팟국,고등어시래기조림,죽순채볶음,배추김치
338,백미밥,홍합살뭇국,참치채소볶음,얼갈이나물,깍두기,삼색나물비빔밥,유부장국,떡갈비구이,배추김치,달걀후라이,백미밥,사골우거지국,적어구이,배추김치,브로콜리숙회초고추장
339,백미밥,물만둣국,닭살굴소스조림,쑥갓나물,배추김치,잡곡밥,돈육김치찌개,가자미카레구이,건파래자반,깍두기,백미밥,콩가루배추국,소고기양배추볶음,가지나물,깍두기
340,백미밥,쑥갓어묵국,두부달걀구이,새송이버섯볶음,배추김치,잡곡밥,잔치국수,오징어볶음,청포묵김무침,깍두기,백미밥,근대된장국,훈제오리채소무침,무초절임,배추김치
341,백미밥,콩나물국,너비아니구이,베이컨마늘종볶음,배추김치,잡곡밥,버섯된장국,코다리양념찜,해물부추전,배추김치,백미밥,들깨미역국,돈갈비찜,배추나물,깍두기
342,백미밥,시래기된장국,임연수구이,감자표고조림,배추김치,잡곡밥,부대찌개,채소달걀말이,오이무침,깍두기,백미밥,모듬어묵국,단호박해물찜,올방개묵무침,배추김치
343,백미밥,콩비지백탕,쇠고기장조림,애호박나물,배추김치,잡곡밥,시금치된장국,돈육폭찹,파래무무침,배추김치,백미밥,황태채무국,안동찜닭,애느타리버섯볶음,배추김치
344,백미밥,달걀실파국,돈채파프리카볶음,김구이양념장,배추김치,잡곡밥,소고기뭇국,닭살굴소스조림,브로콜리맛살볶음,배추김치,백미밥,강된장찌개,코다리양념찜,숙주나물,배추김치
345,백미밥,아욱된장국,섭산적구이,청경채겉절이,배추김치,잡곡밥,호박새우젓국,삼치무조림,쑥갓두부무침,배추김치,백미밥,콩가루배춧국,훈제오리구이머스터드소스,꽃맛살콘샐러드,깍두기
346,백미밥,감자맑은국,참치김치볶음,온두부찜,취나물무침,잡곡밥,근대된장국,돈육파채불고기,콩나물무침,배추김치,백미밥,육개장,적어구이,치커리유자무침,배추김치
347,백미밥,쇠고기미역국,스크램블에그,무나물,배추김치,잡곡밥,수제비국,고등어구이,궁채들깨볶음,배추김치,백미밥,얼갈이된장국,닭볶음탕,오이생채,깍두기
348,백미밥,달걀팟국,미트볼케찹조림,애호박전,배추김치,잡곡밥,북엇국,쇠고기당면볶음,깻잎순나물,깍두기,백미밥,콩비지찌개,삼치데리야끼구이,감자채피망볶음,배추김치
349,백미밥,배추된장국,두부양념조림,도라지무침,깍두기,잡곡밥,들기름미역국,낙지볶음,올방개묵무침,배추김치,백미밥,콩나물김칫국,돈사태찜,가지볶음,깍두기
350,백미밥,감자양파국,새우살굴소스조림,미역줄기볶음,배추김치,잡곡밥,시래기된장국,제육불고기,양배추찜쌈장,배추김치,백미밥,사골곰국,안동찜닭,새송이버섯볶음,깍두기
351,백미밥,김가루떡국,돈육꽈리고추조림,배추김치,브로콜리숙회초고추장,잡곡밥,가쓰오부시장국,생선가스타르타르소스,과일샐러드,배추김치,백미밥,시금치된장국,오리훈제채소무침,비트무초절임,배추김치
352,백미밥,동태맑은국,채소달걀찜,근대된장나물,배추김치,잡곡밥,호박고추장찌개,돈맥적구이,배추김치,쑥갓두부무침,백미밥,쇠고기뭇국,단호박해물찜,도토리묵무침,배추김치
353,백미밥,곤약어묵국,닭살채소볶음,연근흑임자소스무침,배추김치,잡곡밥,오징어뭇국,가자미카레구이,마늘종햄볶음,배추김치,백미밥,순두부찌개,모듬장조림,애호박새우젓볶음,깍두기
354,백미밥,쇠고기미역국,임연수양념찜,건새우마늘종볶음,배추김치,단호박영양밥양념장,들깨무채국,떡갈비구이,치커리양파무침,배추김치,백미밥,아욱된장국,마파두부,맛살팽이버섯전,배추김치
355,백미밥,조갯살맑은국,쇠고기숙주볶음,브로콜리무침,배추김치,팥죽,잡곡밥,오향장육,부추무생채,동치미국물,백미밥,유부된장국,오징어볶음,상추겉절이,깍두기
356,백미밥,근대된장국,돈채파프리카볶음,시금치나물,배추김치,잡곡밥,닭곰탕,해물완자전,도라지무침,배추김치,백미밥,물만둣국,고등어무조림,우엉채볶음,배추김치
357,백미밥,북엇국,섭산적구이,천사채샐러드,배추김치,짜장밥,달걀실파국,후르츠탕수육,짜사이채무침,배추김치,백미밥,소고기미역국,닭갈비,도토리묵무침,배추김치
358,백미밥,들깨무챗국,두부양념조림,건파래자반,배추김치,잡곡밥,단호박크림스프,돈육찹스테이크,리코타치즈샐러드발사믹,배추김치,백미밥,사골우거지국,꽁치김치찜,애호박볶음,깍두기
359,백미밥,콩나물국,비엔나소시지케찹조림,오이무침,배추김치,잡곡밥,육개장,방어구이,감자채볶음,배추김치,백미밥,배추된장국,돈육고추잡채꽃빵,가지나물,깍두기
360,백미밥,토란국,닭살굴소스볶음,양념깻잎지,배추김치,잡곡밥,호박된장찌개,주꾸미볶음,고사리나물,배추김치,백미밥,콩비지찌개,동태전양념장,실곤약채소무침,배추김치
361,백미밥,아욱된장국,가자미구이,청경채나물,배추김치,잡곡밥,쇠고기쌀국수,너비아니구이,아삭이고추된장무침,깍두기,백미밥,감자다시마국,오리주물럭볶음,부추양파무침,배추김치
362,백미밥,오징어뭇국,미트볼조림,도라지나물,배추김치,잡곡밥,근대된장국,닭볶음탕,청포묵무침,배추김치,백미밥,북어김칫국,돈사태찜,애호박나물,깍두기
363,백미밥,들깨미역국,임연수구이,새송이볶음,배추김치,잡곡밥,유부미소국,돈삼겹수육새우젓,모듬쌈채소쌈장,배추김치,백미밥,소고기뭇국,채소달걀말이,마늘종햄볶음,배추김치
364,백미밥,홍합살맑은국,닭가슴살피망볶음,건파래자반,배추김치,잡곡밥,부대찌개,채소달걀말이,궁채들깨볶음,깍두기,백미밥,시래기된장국,고등어무조림,감자채볶음,배추김치
